RANKING 0 a 50m³;Nome do Posto;Pontos Cursos;Pontos Combustíveis;Total Geral;;Posto Nacional;0;0;0
1;7784 - ROSANE BERSCH HARTWIG ME - FILIAL 01;0;0;0;;Posto Tomazi;12;0;12
2;13968 - MARIA DAS MERCES DE SA OLIVEIRA BATISTA DE ABREU LTDA MATRIZ;0;0;0;;Posto Nacional 2;0;0;0
3;11928 - MARCOS ALFREDO POZZEBON;12;0;12;;Auto Posto Cajati 230;0;0;0
4;11386 - COMERCIO DE COMBUSTIVEIS ITATIBENSE LTDA;0;0;0;;Barão;12;0;12
5;10389 - AUTO POSTO ABREU LTDA;0;0;0;;Posto de Combustíveis;0;0;0
6;3999 - POSTO ROSINSKI LTDA;12;0;12;;;;;
7;1283 - MARILEI DE FATIMA ALT LTDA;0;0;0;;;;;
8;4735 - AUTO POSTO CASTELLO LTDA;12;0;12;;;;;
9;8622 - COOP MISTA DA AGRIC FAMILIAR DE SAO JOAO DO OESTE COOPAFASJO;12;0;12;;;;;
10;2664 - AUTO POSTO ANCHIETA LTDA;0;0;0;;;;;
11;6357 - AUTO POSTO DIONISIO LTDA;0;0;0;;;;;
12;11839 - COMERCIO DE COMBUSTIVEIS BARRA DO JACARE LTDA;0;0;0;;;;;
13;13450 - DANIELI E DANIELI AUTO POSTO;0;0;0;;;;;
14;4266 - POSTO XAVIER E XAVIER LTDA;0;0;0;;;;;
15;12380 - LEKALL COMERCIO E DISTRIBUICAO DE COMBUSTIVEIS LTDA;0;0;0;;;;;
16;667 - ANSILIERO E NAVA LTDA ME;0;0;0;;;;;
17;12181 - POSTO JK DERIVADOS DE PETROLEO LTDA;0;0;0;;;;;
18;13969 - MARIA DAS MERCES DE SA OLIVEIRA BATISTA DE ABREU LTDA FILIAL;0;0;0;;;;;
19;8571 - COMERCIAL DE COMBUSTIVEIS RG LTDA;0;0;0;;;;;
;;;;;;;;;
;;;;;;;;;
RANKING 51 a 100m³;Nome do Posto;Pontos Cursos;Pontos Combustíveis;Total Geral;;;;;
1;11088 - POSTO CENTRAL GUARANIACU LTDA;12;0;12;;;;;
2;5264 - AUTO POSTO BOM JESUS ITAIOPOLIS LTDA;0;0;0;;;;;
3;11636 - PETROMULLER ABASTECEDORA CASCATA LTDA;0;0;0;;;;;
4;11403 - POSTO SENHOR DO BONFIM LTDA;0;0;0;;;;;
5;5149 - POSTO DE COMBUSTIVEIS PARQUE LTDA EPP;0;0;0;;;;;
6;3139 - POSTO SANTOS E SILVA LTDA;12;0;12;;;;;
7;5953 - COMERCIO DE COMBUSTIVEIS OLCZEWSKI LTDA EPP;12;0;12;;;;;
8;14033 - HS COMERCIO DE COMBUSTIVEIS LTDA;24;0;24;;;;;
9;13516 - AUTO POSTO FORTI CORSE LTDA;0;0;0;;;;;
10;12305 - ROBERTO AZAMBUJA LTDA;24;0;24;;;;;
11;6701 - AUTO POSTO MARIA RITA LTDA;12;0;12;;;;;
12;9262 - EXCELENCIA EM COMBUSTIVEIS IRANI LTDA;24;0;24;;;;;
13;9617 - AUTO POSTO MACHADO E VIEIRA LTDA;0;0;0;;;;;
14;8314 - COMBUSTIVEIS E CONVENIENCIA OKATA LTDA;0;0;0;;;;;
15;5005 - POSTO TOP HAMMER LTDA;0;0;0;;;;;
16;6481 - A COIMBRA PEPECE & CIA LTDA ;12;0;12;;;;;
17;5755 - FARINA COMERCIO DE COMBUSTIVEIS E LUBRIFICANTES LTDA;0;0;0;;;;;
18;POSTO BATEL LTDA;0;0;0;;;;;
;;;;;;;;;
;;;;;;;;;
RANKING 101 a 200m³;Nome do Posto;Pontos Cursos;Pontos Combustíveis;Total Geral;;;;;
1;4251 - AUTO POSTO RIO DO CAMPO LTDA;0;0;0;;;;;
2;11069 - AUTO POSTO TREIS CORACOES LTDA;0;0;0;;;;;
3;4506 - POSTO IPE AMARELO 5;12;0;12;;;;;
4;10798 - POSTO CAPIM LTDA;24;0;24;;;;;
5;13888- POSTO RODA MAIS 9;0;0;0;;;;;
6; 611 - EDMILSON DA ROCHA E CIA LTDA          ;0;0;0;;;;;
7;5586 - POSTO DE COMBUSTIVEIS TOMAZI LTDA;24;0;24;;;;;
8;12584 - MANDAGUACU DIESEL GASOLINA LTDA;12;0;12;;;;;
9;12494 - POSTO REDUTO LTDA;24;0;24;;;;;
10;11578 - PM PETRO BOM SUCESSO DE ITARARE LTDA;0;0;0;;;;;
11;13736 - AMERICO CABRAL & CIA;0;0;0;;;;;
12;597 - J.C. GADENS E CIA LTDA          ;0;0;0;;;;;
13;2614 - AUTO POSTO LARANJAL LTDA;0;0;0;;;;;
14;10538 - JOSEFINA SCHIAVO COELHO LTDA;12;0;12;;;;;
15;1072 - LEOM - COMERCIO DE COMBUSTIVEIS LTDA;0;0;0;;;;;
16;2433 - AUTO POSTO POLIS LTDA EPP - FILIAL 01;0;0;0;;;;;
17;10275 - POSTO ZZ LTDA;0;0;0;;;;;
18;842 - AUTO POSTO SAO JOSE 2002 COM DE COMB  E LUBRIF LTDA;0;0;0;;;;;
19;3965 - AUTO POSTO NOSSA SENHORA DA GUIA LTDA;0;0;0;;;;;
20;12298 - POSTO TETE II LTDA;12;0;12;;;;;
21;2677 - POSTO CAMINHOS DO PARQUE LTDA;12;0;12;;;;;
22;5030 - R S LEAL E CIA LTDA;0;0;0;;;;;
23;4721 -POSTO DOS ESTADOS;0;0;0;;;;;
24;214 - AUTO POSTO VALOES LTDA;0;0;0;;;;;
25;5625 - AUTO POSTO DE COMBUSTIVEIS BORBA CORREIA E BEIRA LTDA;0;0;0;;;;;
26;6193 - GERLINGER E GIUNTA LTDA;0;0;0;;;;;
27;12420 - DIOGA REVENDEDORA DE OLEOS E GASOLINA LTDA;0;0;0;;;;;
28;1075 - POSTO ZAKA JARDIM LTDA;0;0;0;;;;;
;;;;;;;;;
;;;;;;;;;
RANKING 201 a 500m³;Nome do Posto;Pontos Cursos;Pontos Combustíveis;Total Geral;;;;;
1;2472 - COMERCIO DE COMBUSTIVEIS POLLY POSITION LTDA         ;0;0;0;;;;;
2;12827 - COOPERATIVA AGROPECUARIA PASSO DA FELICIDADE;0;0;0;;;;;
3;1038 - POSTO SAVAGE LTDA;0;0;0;;;;;
4;453 - AUTO POSTO CAJATI LTDA;24;0;24;;;;;
5;11530 - POSTO DE COMBUSTIVEIS RIO DOCE LTDA;24;0;24;;;;;
6;13108- DANIELI E DANIELI AUTO POSTO LTDA;0;0;0;;;;;
7;1950 - FOPA & GOLANOSKI LTDA;0;0;0;;;;;
;;;;;;;;;
;;;;;;;;;
RANKING acima de 501m³;Nome do Posto;Pontos Cursos;Pontos Combustíveis;Total Geral;;;;;
1;153 - MAHLE 11 COMERCIO DE COMBUSTIVEIS LTDA;0;0;0;;;;;
2;6565 - AUTO POSTO E MECANICA BARAO LTDA - FILIAL 01;12;0;12;;;;;
3;1152 -JF COMERCIO DE COMB.;0;0;0;;;;;
4;6258 - REDE TONIN COMERCIO DE COMBUSTIVEIS - POSTO 369 LTDA;0;0;0;;;;;
5;1762 - AUTO POSTO LB LTDA;12;0;12;;;;;
6;11486 - AUTO POSTO OESTE VERDE LTDA;0;0;0;;;;;
7;2295 - POSTO PARQUE DO BOSQUE LTDA;12;0;12;;;;;
8;AUTO POSTO ALLEGRO PIRAI LTDA;24;0;24;;;;;
9;1872 - AUTO POSTO UBIRATA LEAL LTDA;0;0;0;;;;;
